{"stats":{"minecraft:picked_up":{"minecraft:rotten_flesh":1},"minecraft:custom":{"minecraft:jump":129,"minecraft:time_since_rest":17784,"minecraft:leave_game":1,"minecraft:damage_dealt":18,"minecraft:crouch_one_cm":102,"minecraft:walk_on_water_one_cm":504,"minecraft:sprint_one_cm":26965,"minecraft:play_time":17784,"minecraft:damage_taken":120,"minecraft:time_since_death":17784,"minecraft:walk_one_cm":41209,"minecraft:sneak_time":59,"minecraft:total_world_time":17784,"minecraft:walk_under_water_one_cm":1146,"minecraft:swim_one_cm":1544,"minecraft:fall_one_cm":1846,"minecraft:fly_one_cm":30424}},"DataVersion":3465}