{"stats":{"minecraft:custom":{"minecraft:time_since_rest":46303,"minecraft:open_chest":4,"minecraft:interact_with_loom":8,"minecraft:crouch_one_cm":1529,"minecraft:sprint_one_cm":38427,"minecraft:play_time":46303,"minecraft:walk_one_cm":38296,"minecraft:sneak_time":1106,"minecraft:drop":7,"minecraft:jump":123,"minecraft:leave_game":2,"minecraft:time_since_death":46303,"minecraft:climb_one_cm":590,"minecraft:total_world_time":46303,"minecraft:interact_with_crafting_table":10,"minecraft:fly_one_cm":162106},"minecraft:picked_up":{"minecraft:yellow_banner":16,"easy_npc:humanoid_spawn_egg":1,"magistuarmory:steel_heatershield":2},"minecraft:dropped":{"easy_npc:humanoid_spawn_egg":1,"magistuarmory:iron_bastardsword":1,"magistuarmory:heavy_crossbow":1,"magistuarmory:platemail_boots":1,"magistuarmory:platemail_chestplate":1,"magistuarmory:platemail_leggings":1,"magistuarmory:kettlehat":1},"minecraft:crafted":{"magistuarmory:gold_pavese":1,"magistuarmory:gold_heatershield":1,"magistuarmory:armet":1,"magistuarmory:ceremonialarmet":1,"magistuarmory:medieval_bag":2},"minecraft:used":{"minecraft:barrel":1,"minecraft:loom":3,"minecraft:crafting_table":4,"minecraft:black_banner":3,"magistuarmory:knight_chestplate":1,"easy_npc:humanoid_spawn_egg":1,"supplementaries:flag_yellow":1,"magistuarmory:gothic_chestplate":1,"minecraft:redstone_torch":1}},"DataVersion":3465}