{"stats":{"minecraft:dropped":{"easy_npc:humanoid_spawn_egg":1,"magistuarmory:iron_bastardsword":1,"magistuarmory:platemail_chestplate":1,"magistuarmory:platemail_leggings":1,"magistuarmory:heavy_crossbow":1,"magistuarmory:platemail_boots":1,"magistuarmory:kettlehat":1},"minecraft:custom":{"minecraft:time_since_rest":74270,"minecraft:sprint_one_cm":71590,"minecraft:walk_one_cm":50771,"minecraft:drop":7,"minecraft:interact_with_crafting_table":10,"minecraft:fly_one_cm":215659,"minecraft:open_chest":5,"minecraft:crouch_one_cm":1882,"minecraft:interact_with_loom":8,"minecraft:play_time":74270,"minecraft:sneak_time":1301,"minecraft:jump":252,"minecraft:leave_game":3,"minecraft:time_since_death":74270,"minecraft:walk_on_water_one_cm":28,"minecraft:climb_one_cm":590,"minecraft:total_world_time":74270,"minecraft:fall_one_cm":2624},"minecraft:mined":{"treechop:chopped_log":2,"minecraft:melon":1},"minecraft:crafted":{"magistuarmory:gold_heatershield":1,"magistuarmory:ceremonialarmet":1,"magistuarmory:gold_pavese":1,"magistuarmory:armet":1,"magistuarmory:medieval_bag":2},"minecraft:used":{"magistuarmory:gothic_chestplate":1,"minecraft:redstone_torch":1,"minecraft:azalea":1,"minecraft:wooden_axe":27,"minecraft:barrel":1,"lightmanscurrency:card_display_spruce":1,"farmersdelight:basket":1,"minecraft:crafting_table":4,"minecraft:loom":3,"minecraft:black_banner":3,"magistuarmory:knight_chestplate":1,"easy_npc:humanoid_spawn_egg":1,"supplementaries:flag_yellow":1},"minecraft:picked_up":{"minecraft:cocoa_beans":3,"minecraft:stick":3,"easy_npc:humanoid_spawn_egg":1,"minecraft:jungle_wood":7,"minecraft:yellow_banner":16,"minecraft:birch_wood":34,"magistuarmory:steel_heatershield":2,"minecraft:azalea":1,"minecraft:melon_slice":3,"minecraft:birch_sapling":10}},"DataVersion":3465}