{"stats":{"minecraft:dropped":{"minecraft:wheat_seeds":4},"minecraft:used":{"farmersdelight:rope":11,"drinkbeer:beer_mug_blaze_milk_stout":9,"minecraft:oak_log":24,"cfm:birch_hedge":50,"cfm:door_mat":2,"minecraft:damaged_anvil":5,"cfm:flowering_azalea_hedge":12,"cfm:post_box":2,"supplementaries:sign_post_oak":5,"minecraft:lantern":7,"minecraft:armor_stand":2,"minecraft:smooth_sandstone":82,"minecraft:green_wool":70,"magistuarmory:netherite_concavehalberd":49,"minecraft:white_glazed_terracotta":1,"minecraft:chest":4,"magistuarmory:knight_boots":1,"drinkbeer:recipe_board_beer_mug_night_howl_kvass":1,"magistuarmory:gold_shortsword":5,"minecraft:spruce_trapdoor":1,"minecraft:spruce_fence_gate":3,"minecraft:bell":1,"minecraft:sugar_cane":2,"cfm:stripped_oak_mail_box":3,"minecraft:sandstone_wall":83,"minecraft:smooth_sandstone_stairs":67,"minecraft:item_frame":3,"easy_npc:fairy_spawn_egg":1,"drinkbeer:beer_barrel":8,"minecraft:white_wool":147,"bountiful:bountyboard":2,"farmersdelight:basket":13,"minecraft:sand":76,"minecraft:anvil":7,"minecraft:azalea_leaves":3,"minecraft:cut_sandstone_slab":45,"minecraft:crafting_table":2,"magistuarmory:maximilian_chestplate":1,"minecraft:furnace":1,"minecraft:smithing_table":4,"minecraft:blast_furnace":5,"cfm:stripped_oak_park_bench":23,"easy_npc:humanoid_spawn_egg":4,"minecraft:spruce_fence":35,"minecraft:oak_hanging_sign":8,"minecraft:oak_fence_gate":1,"magistuarmory:armet":1,"farmersdelight:white_hanging_canvas_sign":2},"minecraft:picked_up":{"minecraft:lantern":3,"minecraft:wheat_seeds":5,"minecraft:bell":1,"minecraft:iron_ingot":8,"minecraft:sugar_cane":6},"minecraft:crafted":{"magistuarmory:maximilian_helmet":1,"magistuarmory:maximilian_chestplate":1},"minecraft:killed":{"minecraft:iron_golem":4,"minecraft:villager":32},"minecraft:custom":{"minecraft:time_since_rest":178120,"minecraft:sprint_one_cm":80563,"minecraft:walk_one_cm":236961,"minecraft:mob_kills":18,"minecraft:drop":2,"minecraft:damage_dealt":5201,"minecraft:interact_with_crafting_table":2,"minecraft:talked_to_villager":1,"minecraft:fly_one_cm":378265,"minecraft:open_chest":2,"minecraft:crouch_one_cm":11638,"minecraft:play_time":198628,"minecraft:deaths":5,"minecraft:bell_ring":16,"minecraft:sneak_time":4706,"minecraft:jump":2935,"minecraft:interact_with_blast_furnace":1,"minecraft:leave_game":2,"minecraft:time_since_death":178095,"minecraft:climb_one_cm":460,"minecraft:total_world_time":198628,"minecraft:fall_one_cm":209}},"DataVersion":3465}