{"stats":{"minecraft:mined":{"minecraft:oak_log":2},"minecraft:custom":{"minecraft:mob_kills":33,"minecraft:interact_with_crafting_table":11,"minecraft:open_barrel":9,"minecraft:fill_cauldron":6,"minecraft:bell_ring":16,"minecraft:eat_cake_slice":8,"minecraft:leave_game":5,"minecraft:time_since_death":80887,"minecraft:climb_one_cm":1416,"minecraft:sprint_one_cm":348813,"minecraft:walk_one_cm":711770,"minecraft:drop":9,"minecraft:talked_to_villager":1,"minecraft:play_time":594572,"minecraft:deaths":7,"minecraft:sneak_time":21429,"minecraft:jump":4249,"minecraft:interact_with_blast_furnace":1,"minecraft:walk_on_water_one_cm":2480,"minecraft:total_world_time":594572,"minecraft:interact_with_furnace":1,"minecraft:interact_with_loom":2,"minecraft:interact_with_grindstone":1,"minecraft:time_since_rest":80916,"minecraft:damage_taken":565,"minecraft:damage_dealt":9438,"minecraft:fly_one_cm":2807028,"minecraft:open_chest":10,"minecraft:crouch_one_cm":37267,"minecraft:fall_one_cm":209,"minecraft:horse_one_cm":55936},"minecraft:picked_up":{"magistuarmory:iron_bastardsword":1,"minecraft:lead":5,"supplementaries:statue":1,"minecraft:item_frame":12,"farmersdelight:beef_patty":8,"minecraft:beef":1,"minecraft:enchanted_golden_apple":1,"minecraft:sugar_cane":6,"minecraft:yellow_banner":5,"magistuarmory:heavy_crossbow":1,"minecraft:arrow":2,"minecraft:rotten_flesh":3,"magistuarmory:platemail_boots":1,"drinkbeer:iron_call_bell":1,"easy_npc:humanoid_spawn_egg":1,"minecraft:leather":5,"dummmmmmy:target_dummy":6,"magistuarmory:armet":1,"minecraft:filled_map":6,"minecraft:oak_log":2,"farmersdelight:roast_chicken_block":1,"minecraft:lantern":5,"minecraft:bow":1,"minecraft:wheat_seeds":5,"minecraft:bell":1,"magistuarmory:kettlehat":1,"minecraft:iron_ingot":12,"magistuarmory:platemail_leggings":1,"magistuarmory:corruptedroundshield":1,"magistuarmory:platemail_chestplate":1},"minecraft:killed":{"minecraft:horse":8,"minecraft:skeleton":4,"minecraft:iron_golem":6,"minecraft:wandering_trader":2,"minecraft:trader_llama":4,"minecraft:zombie":4,"minecraft:villager":34,"minecraft:cow":4},"minecraft:killed_by":{"easy_npc:humanoid":2},"minecraft:dropped":{"minecraft:wheat_seeds":4,"magistuarmory:armet":1,"magistuarmory:steel_heatershield":2,"minecraft:enchanted_golden_apple":1,"easy_npc:humanoid_spawn_egg":1,"minecraft:yellow_banner":16,"minecraft:beef":1},"minecraft:crafted":{"magistuarmory:maximilian_helmet":1,"magistuarmory:kastenbrust_chestplate":1,"magistuarmory:steel_heatershield":1,"magistuarmory:maximilian_chestplate":1,"magistuarmory:barding":3,"magistuarmory:gothic_chestplate":1,"magistuarmory:platemail_chestplate":1,"magistuarmory:brigandine_chestplate":1,"magistuarmory:knight_chestplate":2},"minecraft:used":{"supplementaries:wind_vane":4,"drinkbeer:beer_mug_blaze_milk_stout":10,"minecraft:oak_fence":2,"cfm:birch_hedge":50,"minecraft:netherite_sword":40,"minecraft:iron_bars":15,"supplementaries:hourglass":2,"cfm:post_box":2,"minecraft:armor_stand":5,"minecraft:spruce_slab":154,"minecraft:ladder":2,"supplementaries:crank":11,"minecraft:spruce_planks":1,"drinkbeer:spice_golden_cinnamon_powder":1,"cfm:stripped_birch_upgraded_fence":7,"minecraft:chest":10,"farmersdelight:stove":3,"magistuarmory:gold_shortsword":5,"minecraft:zombie_spawn_egg":9,"astikorcarts:animal_cart":3,"minecraft:bell":2,"minecraft:smooth_sandstone_stairs":72,"farmersdelight:rice_bag":9,"minecraft:sandstone_wall":147,"farmersdelight:melon_juice":1,"cfm:rock_path":179,"minecraft:oak_door":6,"supplementaries:globe":2,"astikorcarts:supply_cart":2,"minecraft:spyglass":2,"minecraft:anvil":8,"supplementaries:faucet":6,"farmersdelight:carrot_crate":4,"minecraft:oak_wood":6,"minecraft:spruce_fence":351,"easy_npc:humanoid_spawn_egg":39,"minecraft:oak_fence_gate":1,"minecraft:stripped_spruce_log":2,"farmersdelight:white_hanging_canvas_sign":5,"magistuarmory:iron_bastardsword":1,"farmersdelight:rope":23,"farmersdelight:beef_patty":1,"supplementaries:jar":7,"supplementaries:pedestal":1,"supplementaries:stone_tile_wall":2,"farmersdelight:oak_cabinet":3,"cfm:door_mat":2,"minecraft:lava_bucket":3,"cfm:flowering_azalea_hedge":47,"supplementaries:globe_sepia":1,"minecraft:lantern":83,"minecraft:iron_block":4,"farmersdelight:rice_roll_medley_block":2,"minecraft:smooth_sandstone":122,"minecraft:green_wool":70,"magistuarmory:netherite_concavehalberd":49,"farmersdelight:beetroot_crate":3,"drinkbeer:spice_dried_selaginella":1,"easy_npc:villager_spawn_egg":1,"minecraft:barrel":36,"minecraft:item_frame":42,"drinkbeer:iron_call_bell":4,"farmersdelight:canvas_rug":26,"farmersdelight:basket":20,"farmersdelight:cutting_board":5,"minecraft:hay_block":41,"minecraft:furnace":4,"minecraft:goat_horn":1,"magistuarmory:maximilian_chestplate":1,"farmersdelight:safety_net":8,"magistuarmory:heavy_crossbow":2,"farmersdelight:cooking_pot":6,"naturalist:teddy_bear":5,"cfm:birch_chair":2,"supplementaries:statue":4,"cfm:stripped_oak_park_bench":36,"drinkbeer:trade_box_normal":2,"easy_npc:orc_warrior_spawn_egg":2,"farmersdelight:potato_crate":3,"farmersdelight:roast_chicken_block":4,"supplementaries:blackboard":2,"dummmmmmy:target_dummy":11,"minecraft:yellow_banner":72,"minecraft:water_bucket":11,"minecraft:chiseled_bookshelf":1,"minecraft:damaged_anvil":5,"minecraft:cow_spawn_egg":2,"farmersdelight:skillet":6,"supplementaries:sign_post_oak":5,"farmersdelight:tomato_crate":1,"farmersdelight:honey_glazed_ham_block":3,"minecraft:lead":6,"minecraft:jungle_fence":1,"easy_npc:zombie_horse_spawn_egg":1,"cfm:stripped_oak_kitchen_counter":8,"magistuarmory:knight_boots":1,"drinkbeer:recipe_board_beer_mug_night_howl_kvass":1,"minecraft:cut_sandstone":1,"minecraft:composter":5,"minecraft:cauldron":9,"minecraft:sugar_cane":2,"minecraft:fletching_table":7,"minecraft:diamond_axe":2,"cfm:stripped_oak_mail_box":3,"minecraft:spruce_fence_gate":16,"minecraft:horse_spawn_egg":10,"magistuarmory:sallet":1,"supplementaries:hat_stand":2,"naturalist:tortoise_spawn_egg":6,"minecraft:white_wool":147,"cfm:spruce_chair":2,"minecraft:sand":505,"supplementaries:pulley_block":2,"minecraft:cut_sandstone_slab":277,"minecraft:crafting_table":9,"minecraft:loom":1,"drinkbeer:beer_mug":7,"farmersdelight:tatami":2,"minecraft:blast_furnace":5,"minecraft:stone_brick_wall":10,"minecraft:painting":3,"magistuarmory:longbow":3,"minecraft:cake":5,"minecraft:smoker":1,"magistuarmory:armet":1,"farmersdelight:smoked_ham":1,"minecraft:oak_log":1943,"supplementaries:flower_box":14,"supplementaries:cage":1,"minecraft:chiseled_sandstone":9,"minecraft:stone_button":2,"minecraft:map":45,"supplementaries:clock_block":1,"minecraft:white_glazed_terracotta":1,"minecraft:spruce_trapdoor":7,"supplementaries:iron_gate":39,"minecraft:cat_spawn_egg":8,"easy_npc:fairy_spawn_egg":1,"drinkbeer:beer_barrel":8,"bountiful:bountyboard":2,"cfm:stripped_oak_table":8,"farmersdelight:straw_bale":102,"minecraft:azalea_leaves":4,"minecraft:stripped_oak_wood":33,"minecraft:grindstone":6,"minecraft:smithing_table":4,"minecraft:chain":7,"minecraft:oak_hanging_sign":8,"supplementaries:slice_map":5,"minecraft:smooth_stone":40}},"DataVersion":3465}