{"stats":{"minecraft:dropped":{"minecraft:iron_sword":1,"minecraft:cooked_beef":1,"lightmanscurrency:coin_copper":8,"minecraft:jungle_planks":26,"minecraft:dark_oak_log":10,"magistuarmory:steel_heatershield":2,"magistuarmory:rusted_bastardsword":1,"minecraft:jungle_sapling":6,"minecraft:sand":3,"magistuarmory:corruptedroundshield":1,"minecraft:bone":2,"minecraft:stone_axe":1,"minecraft:cobbled_deepslate":12,"minecraft:rotten_flesh":4,"minecraft:enchanted_golden_apple":1,"minecraft:dead_fire_coral_block":1,"supplementaries:ash":3,"minecraft:gunpowder":2,"minecraft:beetroot_seeds":3,"minecraft:azalea":7,"minecraft:yellow_banner":16,"minecraft:beef":1,"minecraft:wheat_seeds":4,"minecraft:lead":1,"magistuarmory:armet":1,"minecraft:wooden_axe":10,"skilltree:gem":10,"minecraft:furnace":1,"minecraft:coarse_dirt":1,"minecraft:cocoa_beans":10,"magistuarmory:rusted_heavymace":1,"easy_npc:humanoid_spawn_egg":1,"minecraft:oak_boat":5,"minecraft:bow":2,"minecraft:stone_pickaxe":2,"minecraft:wooden_pickaxe":9,"minecraft:dead_brain_coral_block":2},"minecraft:killed":{"minecraft:spider":8,"minecraft:skeleton":18,"minecraft:chicken":2,"minecraft:pig":8,"minecraft:iron_golem":6,"minecraft:creeper":2,"minecraft:sheep":8,"minecraft:trader_llama":6,"minecraft:zombie":36,"minecraft:cow":20,"minecraft:horse":8,"naturalist:coral_snake":2,"minecraft:wandering_trader":4,"minecraft:player":1,"minecraft:villager":34},"minecraft:custom":{"minecraft:interact_with_crafting_table":47,"minecraft:open_barrel":9,"minecraft:bell_ring":16,"minecraft:eat_cake_slice":9,"minecraft:leave_game":9,"minecraft:time_since_death":78027,"minecraft:sprint_one_cm":706095,"minecraft:damage_blocked_by_shield":3316,"minecraft:drop":74,"minecraft:talked_to_villager":1,"minecraft:play_time":904157,"minecraft:deaths":13,"minecraft:jump":7449,"minecraft:walk_on_water_one_cm":17869,"minecraft:interact_with_furnace":56,"minecraft:play_record":13,"minecraft:interact_with_loom":2,"minecraft:damage_dealt":17081,"minecraft:player_kills":1,"minecraft:crouch_one_cm":63096,"minecraft:horse_one_cm":139750,"minecraft:inspect_dropper":12,"minecraft:mob_kills":81,"minecraft:fill_cauldron":6,"minecraft:climb_one_cm":7267,"minecraft:walk_one_cm":990267,"minecraft:sneak_time":34913,"minecraft:walk_under_water_one_cm":10906,"minecraft:boat_one_cm":269280,"minecraft:interact_with_blast_furnace":1,"minecraft:total_world_time":904157,"minecraft:interact_with_grindstone":1,"minecraft:time_since_rest":78052,"minecraft:damage_taken":3177,"minecraft:swim_one_cm":15911,"minecraft:fly_one_cm":4155942,"minecraft:open_chest":11,"minecraft:fall_one_cm":93959},"minecraft:used":{"cfm:birch_hedge":50,"minecraft:moss_carpet":1,"magistuarmory:rusted_heavymace":1,"minecraft:red_sand":3,"supplementaries:hourglass":2,"minecraft:dispenser":1,"minecraft:spruce_slab":154,"minecraft:ladder":2,"supplementaries:crank":11,"minecraft:chest":10,"cfm:stripped_birch_upgraded_fence":7,"farmersdelight:stove":3,"drinkbeer:spice_golden_cinnamon_powder":1,"minecraft:shield":41,"minecraft:iron_sword":144,"minecraft:zombie_spawn_egg":9,"minecraft:bell":2,"minecraft:smooth_sandstone_stairs":72,"minecraft:rotten_flesh":8,"farmersdelight:melon_juice":1,"supplementaries:globe":2,"astikorcarts:supply_cart":2,"minecraft:jungle_planks":8,"minecraft:music_disc_13":1,"easy_npc:humanoid_spawn_egg":39,"minecraft:stripped_spruce_log":2,"magistuarmory:iron_bastardsword":1,"cfm:door_mat":2,"minecraft:lava_bucket":3,"minecraft:lantern":87,"farmersdelight:rice_roll_medley_block":2,"minecraft:green_wool":70,"magistuarmory:netherite_concavehalberd":49,"farmersdelight:beetroot_crate":3,"drinkbeer:spice_dried_selaginella":1,"minecraft:item_frame":59,"farmersdelight:cutting_board":5,"minecraft:bow":1,"minecraft:hay_block":41,"supplementaries:ash":11,"minecraft:furnace":8,"farmersdelight:safety_net":8,"naturalist:teddy_bear":5,"drinkbeer:trade_box_normal":2,"dummmmmmy:target_dummy":11,"minecraft:damaged_anvil":5,"minecraft:cow_spawn_egg":2,"minecraft:dropper":3,"supplementaries:sign_post_oak":5,"minecraft:stone_pickaxe":85,"minecraft:jungle_fence":1,"easy_npc:zombie_horse_spawn_egg":1,"minecraft:wooden_pickaxe":19,"minecraft:sandstone":13,"minecraft:redstone_block":14,"minecraft:composter":5,"minecraft:sugar_cane":2,"minecraft:diamond_axe":2,"supplementaries:hat_stand":2,"magistuarmory:sallet":1,"naturalist:tortoise_spawn_egg":6,"minecraft:white_wool":147,"minecraft:glow_berries":16,"minecraft:sand":601,"minecraft:cut_sandstone_slab":300,"minecraft:loom":1,"farmersdelight:tatami":2,"minecraft:blast_furnace":5,"minecraft:stone_brick_wall":10,"magistuarmory:longbow":3,"minecraft:redstone_torch":3,"supplementaries:flower_box":14,"minecraft:chiseled_sandstone":9,"minecraft:stone_button":2,"supplementaries:clock_block":1,"minecraft:white_glazed_terracotta":8,"supplementaries:iron_gate":39,"minecraft:cat_spawn_egg":8,"easy_npc:fairy_spawn_egg":1,"farmersdelight:straw_bale":102,"minecraft:stripped_oak_wood":33,"minecraft:grindstone":6,"minecraft:smithing_table":4,"minecraft:chain":7,"minecraft:oak_boat":9,"minecraft:oak_hanging_sign":8,"supplementaries:slice_map":5,"minecraft:cobweb":4,"drinkbeer:beer_mug_blaze_milk_stout":10,"supplementaries:wind_vane":4,"minecraft:azalea":4,"minecraft:oak_fence":2,"minecraft:netherite_sword":46,"minecraft:iron_bars":15,"cfm:post_box":2,"minecraft:music_disc_otherside":1,"minecraft:armor_stand":5,"minecraft:redstone":3,"minecraft:spruce_planks":1,"magistuarmory:gold_shortsword":5,"astikorcarts:animal_cart":3,"minecraft:sandstone_wall":147,"farmersdelight:rice_bag":9,"minecraft:cooked_chicken":3,"cfm:rock_path":179,"minecraft:oak_door":6,"minecraft:torch":108,"minecraft:dirt":2,"minecraft:spyglass":2,"minecraft:anvil":8,"minecraft:hopper":2,"supplementaries:faucet":6,"farmersdelight:carrot_crate":4,"minecraft:oak_wood":6,"minecraft:spruce_fence":358,"minecraft:oak_fence_gate":1,"farmersdelight:white_hanging_canvas_sign":5,"farmersdelight:rope":23,"farmersdelight:beef_patty":1,"minecraft:music_disc_mellohi":3,"supplementaries:jar":7,"supplementaries:stone_tile_wall":2,"supplementaries:pedestal":1,"minecraft:wooden_axe":20,"farmersdelight:oak_cabinet":3,"cfm:flowering_azalea_hedge":47,"supplementaries:globe_sepia":1,"minecraft:iron_block":4,"minecraft:iron_axe":57,"valhelsia_structures:explorers_tent":11,"minecraft:smooth_sandstone":217,"valhelsia_structures:oak_post":4,"minecraft:barrel":36,"easy_npc:villager_spawn_egg":1,"farmersdelight:canvas_rug":26,"drinkbeer:iron_call_bell":4,"farmersdelight:basket":20,"minecraft:goat_horn":1,"magistuarmory:maximilian_chestplate":1,"magistuarmory:heavy_crossbow":2,"farmersdelight:cooking_pot":6,"cfm:birch_chair":2,"supplementaries:statue":4,"minecraft:cooked_beef":15,"cfm:stripped_oak_park_bench":36,"easy_npc:orc_warrior_spawn_egg":2,"minecraft:iron_leggings":1,"farmersdelight:potato_crate":3,"farmersdelight:roast_chicken_block":4,"supplementaries:blackboard":2,"minecraft:water_bucket":11,"minecraft:chiseled_bookshelf":1,"minecraft:yellow_banner":72,"farmersdelight:skillet":6,"farmersdelight:tomato_crate":1,"farmersdelight:honey_glazed_ham_block":3,"minecraft:lead":8,"cfm:stripped_oak_kitchen_counter":8,"magistuarmory:knight_boots":1,"drinkbeer:recipe_board_beer_mug_night_howl_kvass":1,"minecraft:cut_sandstone":1,"minecraft:cauldron":9,"minecraft:fletching_table":7,"minecraft:spruce_fence_gate":16,"cfm:stripped_oak_mail_box":3,"minecraft:horse_spawn_egg":10,"cfm:spruce_chair":2,"supplementaries:pulley_block":2,"minecraft:crafting_table":13,"valhelsia_structures:dungeon_door":3,"drinkbeer:beer_mug":8,"minecraft:painting":3,"minecraft:cake":5,"minecraft:smoker":1,"minecraft:music_disc_strad":8,"magistuarmory:armet":1,"farmersdelight:smoked_ham":1,"minecraft:oak_log":1956,"minecraft:light":218,"supplementaries:cage":1,"minecraft:command_block":18,"minecraft:iron_pickaxe":179,"minecraft:map":45,"minecraft:spruce_trapdoor":7,"minecraft:stone_axe":4,"drinkbeer:beer_barrel":8,"bountiful:bountyboard":2,"cfm:stripped_oak_table":8,"minecraft:cobblestone":68,"minecraft:azalea_leaves":4,"minecraft:repeating_command_block":8,"minecraft:splash_potion":12,"minecraft:smooth_stone":40,"minecraft:jukebox":5},"minecraft:killed_by":{"minecraft:zombie":3,"easy_npc:humanoid":2,"minecraft:skeleton":1},"minecraft:mined":{"minecraft:jungle_leaves":4,"minecraft:cave_vines_plant":6,"minecraft:red_sand":3,"minecraft:grass_block":3,"minecraft:dead_tube_coral_block":2,"minecraft:jungle_log":1,"minecraft:iron_ore":42,"minecraft:deepslate_lapis_ore":1,"minecraft:cave_vines":6,"minecraft:azalea":1,"minecraft:dead_bubble_coral_block":2,"minecraft:torch":2,"minecraft:dead_bush":1,"minecraft:cobblestone":3,"minecraft:sugar_cane":7,"minecraft:wall_torch":1,"minecraft:jungle_wood":1,"minecraft:grass":25,"minecraft:oak_log":3,"minecraft:sand":6,"minecraft:deepslate":13,"minecraft:deepslate_diamond_ore":1,"minecraft:jungle_planks":1,"minecraft:moss_block":1,"minecraft:furnace":4,"treechop:chopped_log":9,"minecraft:deepslate_iron_ore":31,"minecraft:vine":9,"minecraft:stone":80,"minecraft:crafting_table":2,"minecraft:honey_block":1,"minecraft:deepslate_gold_ore":7,"minecraft:lapis_ore":9,"supplementaries:urn":7,"minecraft:dead_fire_coral_block":2,"minecraft:dead_brain_coral_block":3,"minecraft:coal_ore":81,"minecraft:cobweb":4,"minecraft:small_dripleaf":3,"minecraft:fern":6},"minecraft:picked_up":{"minecraft:wooden_axe":4,"minecraft:music_disc_strad":9,"minecraft:lead":6,"minecraft:string":8,"minecraft:music_disc_cat":1,"minecraft:red_sand":3,"minecraft:cobbled_deepslate":12,"minecraft:redstone_torch":2,"minecraft:azalea":11,"minecraft:enchanted_golden_apple":1,"minecraft:furnace":5,"minecraft:stick":18,"minecraft:torch":3,"magistuarmory:rusted_heavymace":1,"minecraft:porkchop":9,"minecraft:yellow_banner":5,"minecraft:rotten_flesh":15,"magistuarmory:platemail_boots":1,"minecraft:music_disc_ward":1,"supplementaries:ash":14,"drinkbeer:iron_call_bell":1,"minecraft:cobblestone":82,"minecraft:jungle_log":37,"dummmmmmy:target_dummy":6,"minecraft:jungle_wood":14,"farmersdelight:roast_chicken_block":1,"skilltree:gem":21,"minecraft:lapis_lazuli":42,"minecraft:dirt":2,"minecraft:lantern":6,"minecraft:bone":20,"minecraft:bow":3,"minecraft:wheat_seeds":5,"minecraft:raw_gold":7,"magistuarmory:kettlehat":1,"minecraft:bell":1,"magistuarmory:steel_heatershield":6,"minecraft:music_disc_13":2,"magistuarmory:platemail_leggings":1,"minecraft:jungle_planks":2,"minecraft:sand":7,"minecraft:dark_oak_log":20,"minecraft:diamond":1,"magistuarmory:corruptedroundshield":2,"minecraft:dead_brain_coral_block":2,"magistuarmory:platemail_chestplate":1,"minecraft:cocoa_beans":10,"minecraft:coarse_dirt":1,"minecraft:crafting_table":2,"magistuarmory:iron_bastardsword":1,"minecraft:chicken":1,"minecraft:wooden_pickaxe":4,"minecraft:moss_carpet":1,"supplementaries:statue":1,"minecraft:item_frame":12,"farmersdelight:beef_patty":8,"minecraft:music_disc_otherside":2,"minecraft:beef":18,"minecraft:oak_boat":3,"minecraft:jungle_sapling":6,"minecraft:sugar_cane":21,"minecraft:raw_iron":72,"minecraft:music_disc_mellohi":5,"minecraft:carrot":3,"minecraft:redstone":2,"magistuarmory:heavy_crossbow":1,"minecraft:arrow":3,"minecraft:beetroot_seeds":3,"minecraft:gold_ingot":2,"minecraft:glow_berries":12,"minecraft:mutton":5,"minecraft:white_wool":2,"easy_npc:humanoid_spawn_egg":1,"minecraft:leather":10,"magistuarmory:armet":1,"minecraft:filled_map":6,"minecraft:oak_log":3,"minecraft:gunpowder":2,"minecraft:iron_ingot":12,"minecraft:stone_pickaxe":1,"minecraft:cooked_chicken":2,"minecraft:cobweb":4,"lightmanscurrency:coin_iron":48,"minecraft:dead_fire_coral_block":1,"lightmanscurrency:coin_copper":100,"minecraft:music_disc_mall":1,"magistuarmory:rusted_bastardsword":1,"minecraft:coal":180},"minecraft:broken":{"minecraft:shield":1},"minecraft:crafted":{"minecraft:cooked_chicken":1,"minecraft:iron_boots":1,"magistuarmory:maximilian_chestplate":1,"magistuarmory:barding":3,"minecraft:crafting_table":2,"minecraft:iron_helmet":1,"minecraft:iron_chestplate":1,"minecraft:shield":2,"minecraft:stick":32,"minecraft:iron_ingot":41,"minecraft:iron_pickaxe":1,"magistuarmory:leather_strip":6,"magistuarmory:maximilian_helmet":1,"minecraft:furnace":1,"magistuarmory:kastenbrust_chestplate":1,"magistuarmory:hilt":3,"magistuarmory:steel_heatershield":1,"minecraft:iron_axe":1,"minecraft:stone_pickaxe":1,"minecraft:cooked_beef":17,"magistuarmory:gothic_chestplate":1,"magistuarmory:platemail_chestplate":1,"magistuarmory:brigandine_chestplate":1,"minecraft:iron_sword":2,"magistuarmory:knight_chestplate":2,"minecraft:stone_axe":1,"minecraft:air":0,"minecraft:jungle_planks":68,"minecraft:iron_leggings":1,"minecraft:torch":144}},"DataVersion":3465}