{"stats":{"minecraft:custom":{"minecraft:interact_with_crafting_table":47,"minecraft:open_barrel":11,"minecraft:bell_ring":27,"minecraft:eat_cake_slice":9,"minecraft:leave_game":16,"minecraft:time_since_death":255123,"minecraft:sprint_one_cm":838728,"minecraft:damage_blocked_by_shield":3316,"minecraft:drop":85,"minecraft:talked_to_villager":1,"minecraft:play_time":1197760,"minecraft:deaths":14,"minecraft:jump":8451,"minecraft:walk_on_water_one_cm":18996,"minecraft:interact_with_furnace":56,"minecraft:play_record":14,"minecraft:interact_with_loom":2,"minecraft:damage_dealt":19640,"minecraft:player_kills":1,"minecraft:crouch_one_cm":77653,"minecraft:horse_one_cm":168266,"minecraft:inspect_dropper":12,"minecraft:mob_kills":96,"minecraft:fill_cauldron":6,"minecraft:climb_one_cm":8357,"minecraft:walk_one_cm":1186784,"minecraft:sneak_time":43097,"minecraft:walk_under_water_one_cm":11098,"minecraft:boat_one_cm":269280,"minecraft:interact_with_blast_furnace":1,"minecraft:total_world_time":1197760,"minecraft:interact_with_grindstone":2,"minecraft:time_since_rest":255160,"minecraft:damage_taken":3367,"minecraft:swim_one_cm":15911,"minecraft:fly_one_cm":6182817,"minecraft:open_chest":19,"minecraft:fall_one_cm":98020},"minecraft:killed":{"naturalist:rattlesnake":4,"minecraft:spider":8,"minecraft:skeleton":24,"minecraft:chicken":2,"minecraft:skeleton_horse":8,"minecraft:pig":8,"minecraft:iron_golem":6,"minecraft:creeper":8,"minecraft:sheep":8,"minecraft:trader_llama":6,"minecraft:zombie":36,"minecraft:cow":20,"minecraft:horse":8,"naturalist:coral_snake":2,"minecraft:husk":4,"minecraft:wandering_trader":4,"naturalist:lizard":2,"minecraft:player":1,"minecraft:villager":34},"minecraft:picked_up":{"minecraft:wooden_axe":4,"minecraft:music_disc_strad":9,"minecraft:lead":7,"minecraft:music_disc_cat":1,"minecraft:string":8,"minecraft:red_sand":3,"minecraft:cobbled_deepslate":12,"minecraft:redstone_torch":2,"minecraft:azalea":11,"minecraft:enchanted_golden_apple":1,"minecraft:furnace":5,"minecraft:stick":18,"minecraft:torch":3,"magistuarmory:rusted_heavymace":1,"minecraft:porkchop":9,"minecraft:yellow_banner":6,"minecraft:rotten_flesh":18,"magistuarmory:platemail_boots":1,"minecraft:music_disc_ward":1,"supplementaries:ash":16,"drinkbeer:iron_call_bell":1,"minecraft:cobblestone":82,"minecraft:jungle_log":37,"dummmmmmy:target_dummy":7,"minecraft:jungle_wood":14,"farmersdelight:roast_chicken_block":1,"minecraft:lapis_lazuli":42,"skilltree:gem":21,"minecraft:dirt":2,"minecraft:lantern":12,"minecraft:bone":22,"minecraft:bow":3,"minecraft:wheat_seeds":5,"minecraft:raw_gold":7,"magistuarmory:kettlehat":1,"minecraft:bell":1,"magistuarmory:steel_heatershield":6,"minecraft:music_disc_13":2,"magistuarmory:platemail_leggings":1,"minecraft:jungle_planks":2,"minecraft:sand":8,"minecraft:dark_oak_log":20,"minecraft:diamond":1,"magistuarmory:corruptedroundshield":2,"minecraft:dead_brain_coral_block":2,"magistuarmory:platemail_chestplate":1,"minecraft:cocoa_beans":10,"minecraft:coarse_dirt":1,"minecraft:crafting_table":2,"magistuarmory:iron_bastardsword":1,"minecraft:chicken":1,"minecraft:wooden_pickaxe":4,"minecraft:moss_carpet":1,"supplementaries:statue":1,"minecraft:item_frame":12,"farmersdelight:beef_patty":8,"minecraft:music_disc_otherside":3,"minecraft:beef":18,"minecraft:oak_boat":3,"minecraft:jungle_sapling":6,"minecraft:sugar_cane":21,"farmersdelight:canvas_rug":3,"minecraft:raw_iron":72,"minecraft:music_disc_mellohi":5,"minecraft:stone_button":2,"minecraft:redstone":2,"minecraft:carrot":3,"magistuarmory:heavy_crossbow":1,"minecraft:arrow":4,"minecraft:beetroot_seeds":3,"farmersdelight:white_canvas_sign":1,"minecraft:gold_ingot":2,"minecraft:glow_berries":19,"minecraft:mutton":5,"minecraft:white_wool":2,"easy_npc:humanoid_spawn_egg":1,"minecraft:leather":10,"magistuarmory:armet":1,"minecraft:filled_map":6,"supplementaries:urn":2,"minecraft:oak_log":3,"minecraft:gunpowder":6,"minecraft:iron_ingot":12,"minecraft:stone_pickaxe":1,"minecraft:cooked_chicken":2,"minecraft:cobweb":4,"lightmanscurrency:coin_iron":49,"supplementaries:sack":1,"minecraft:dead_fire_coral_block":1,"lightmanscurrency:coin_copper":107,"minecraft:music_disc_mall":1,"magistuarmory:rusted_bastardsword":1,"minecraft:coal":180,"minecraft:ender_pearl":1},"minecraft:broken":{"minecraft:shield":1},"minecraft:dropped":{"minecraft:iron_sword":1,"minecraft:cooked_beef":1,"lightmanscurrency:coin_copper":8,"minecraft:lantern":1,"minecraft:jungle_planks":26,"minecraft:dark_oak_log":10,"minecraft:stone_button":1,"magistuarmory:steel_heatershield":2,"magistuarmory:rusted_bastardsword":1,"minecraft:jungle_sapling":6,"minecraft:sand":3,"magistuarmory:corruptedroundshield":1,"minecraft:bone":2,"minecraft:stone_axe":1,"minecraft:cobbled_deepslate":12,"minecraft:rotten_flesh":6,"minecraft:enchanted_golden_apple":1,"minecraft:dead_fire_coral_block":1,"supplementaries:ash":3,"minecraft:gunpowder":4,"minecraft:beetroot_seeds":3,"minecraft:azalea":7,"minecraft:yellow_banner":16,"minecraft:arrow":1,"minecraft:beef":1,"minecraft:wheat_seeds":4,"minecraft:lead":1,"minecraft:apple":1,"magistuarmory:armet":1,"minecraft:pufferfish":1,"minecraft:wooden_axe":10,"skilltree:gem":10,"minecraft:dried_kelp":1,"minecraft:furnace":1,"minecraft:coarse_dirt":1,"minecraft:cocoa_beans":10,"magistuarmory:rusted_heavymace":1,"easy_npc:humanoid_spawn_egg":1,"minecraft:oak_boat":5,"minecraft:spider_eye":1,"minecraft:bow":2,"minecraft:stone_pickaxe":2,"minecraft:wooden_pickaxe":9,"minecraft:dead_brain_coral_block":2,"supplementaries:candy":1},"minecraft:used":{"minecraft:moss_block":28,"cfm:birch_hedge":50,"minecraft:moss_carpet":1,"magistuarmory:rusted_heavymace":1,"minecraft:red_sand":6,"supplementaries:hourglass":5,"minecraft:dispenser":1,"minecraft:spruce_slab":175,"minecraft:ladder":2,"supplementaries:crank":11,"minecraft:oak_sign":1,"minecraft:chest":13,"cfm:stripped_birch_upgraded_fence":7,"minecraft:decorated_pot":3,"farmersdelight:stove":3,"drinkbeer:spice_golden_cinnamon_powder":1,"minecraft:shield":41,"minecraft:iron_sword":144,"minecraft:zombie_spawn_egg":11,"minecraft:bell":2,"minecraft:smooth_sandstone_stairs":136,"minecraft:rotten_flesh":8,"farmersdelight:melon_juice":1,"supplementaries:globe":3,"minecraft:debug_stick":341,"astikorcarts:supply_cart":2,"minecraft:jungle_planks":8,"farmersdelight:white_canvas_sign":2,"supplementaries:planter":2,"valhelsia_structures:bundled_stripped_oak_posts":1,"minecraft:music_disc_13":1,"easy_npc:humanoid_spawn_egg":45,"minecraft:stripped_spruce_log":2,"magistuarmory:iron_bastardsword":1,"minecraft:jungle_sapling":1,"cfm:door_mat":2,"minecraft:lava_bucket":3,"minecraft:grass_block":6,"farmersdelight:rice_roll_medley_block":2,"minecraft:lantern":101,"minecraft:green_wool":102,"magistuarmory:netherite_concavehalberd":49,"farmersdelight:beetroot_crate":3,"drinkbeer:spice_dried_selaginella":1,"minecraft:item_frame":64,"lightmanscurrency:piggy_bank":1,"lightmanscurrency:coinpile_gold":5,"minecraft:bow":1,"farmersdelight:cutting_board":5,"minecraft:hay_block":41,"supplementaries:ash":11,"minecraft:furnace":8,"magistuarmory:rusted_bastardsword":1,"farmersdelight:safety_net":8,"naturalist:teddy_bear":6,"supplementaries:bamboo_spikes_tipped":3,"drinkbeer:trade_box_normal":2,"dummmmmmy:target_dummy":12,"magistuarmory:club":3,"minecraft:damaged_anvil":5,"minecraft:cow_spawn_egg":2,"magistuarmory:blacksmith_hammer":4,"minecraft:spruce_door":3,"minecraft:dropper":3,"supplementaries:sign_post_oak":11,"minecraft:stone_pickaxe":85,"minecraft:dark_oak_sign":1,"minecraft:jungle_fence":1,"easy_npc:zombie_horse_spawn_egg":1,"supplementaries:notice_board":1,"minecraft:wooden_pickaxe":19,"minecraft:sandstone":14,"minecraft:redstone_block":14,"minecraft:composter":5,"minecraft:structure_void":20,"minecraft:sugar_cane":2,"minecraft:diamond_axe":2,"supplementaries:hat_stand":2,"magistuarmory:sallet":1,"naturalist:tortoise_spawn_egg":6,"minecraft:white_wool":188,"minecraft:glow_berries":16,"minecraft:sand":740,"valhelsia_structures:stripped_jungle_post":2,"minecraft:cut_sandstone_slab":320,"minecraft:loom":1,"farmersdelight:tatami":2,"minecraft:blast_furnace":5,"minecraft:stone_brick_wall":10,"lightmanscurrency:coinblock_gold":1,"magistuarmory:longbow":21,"cfm:oak_chair":9,"minecraft:redstone_torch":3,"supplementaries:flower_box":14,"easy_npc:horse_spawn_egg":3,"minecraft:chiseled_sandstone":124,"minecraft:birch_slab":19,"minecraft:barrier":4,"minecraft:stone_button":2,"supplementaries:clock_block":2,"minecraft:white_glazed_terracotta":9,"supplementaries:iron_gate":39,"minecraft:cat_spawn_egg":8,"easy_npc:fairy_spawn_egg":1,"easy_npc:zombie_spawn_egg":1,"farmersdelight:straw_bale":102,"minecraft:stripped_oak_wood":33,"minecraft:grindstone":6,"minecraft:smithing_table":4,"farmersdelight:spruce_cabinet":1,"minecraft:chain":7,"minecraft:oak_boat":9,"lightmanscurrency:coinblock_iron":2,"minecraft:oak_hanging_sign":8,"supplementaries:slice_map":5,"minecraft:bone_meal":6,"minecraft:cobweb":4,"drinkbeer:beer_mug_blaze_milk_stout":10,"supplementaries:wind_vane":4,"minecraft:azalea":4,"minecraft:oak_fence":13,"minecraft:netherite_sword":79,"minecraft:iron_bars":15,"cfm:post_box":2,"minecraft:music_disc_otherside":2,"minecraft:armor_stand":7,"minecraft:redstone":3,"minecraft:spruce_planks":116,"magistuarmory:gold_shortsword":5,"astikorcarts:animal_cart":3,"minecraft:sandstone_wall":185,"farmersdelight:rice_bag":9,"minecraft:cooked_chicken":3,"cfm:rock_path":218,"minecraft:oak_door":6,"minecraft:torch":108,"minecraft:brewing_stand":1,"minecraft:dirt":2,"minecraft:spyglass":2,"minecraft:anvil":10,"minecraft:hopper":2,"supplementaries:faucet":7,"farmersdelight:carrot_crate":4,"minecraft:oak_wood":6,"minecraft:spruce_fence":428,"minecraft:oak_fence_gate":1,"farmersdelight:white_hanging_canvas_sign":5,"farmersdelight:rope":23,"farmersdelight:beef_patty":1,"minecraft:music_disc_mellohi":3,"supplementaries:jar":7,"supplementaries:pedestal":1,"supplementaries:stone_tile_wall":2,"minecraft:wooden_axe":20,"farmersdelight:oak_cabinet":3,"cfm:flowering_azalea_hedge":47,"lightmanscurrency:coinpile_iron":7,"supplementaries:globe_sepia":1,"minecraft:iron_block":4,"minecraft:iron_axe":57,"valhelsia_structures:explorers_tent":11,"minecraft:smooth_sandstone":388,"minecraft:jungle_log":13,"valhelsia_structures:oak_post":5,"easy_npc:villager_spawn_egg":1,"minecraft:barrel":36,"minecraft:bamboo":2,"farmersdelight:canvas_rug":37,"cfm:stripped_jungle_table":1,"drinkbeer:iron_call_bell":4,"farmersdelight:basket":21,"minecraft:goat_horn":5,"magistuarmory:maximilian_chestplate":1,"magistuarmory:heavy_crossbow":3,"farmersdelight:cooking_pot":6,"cfm:birch_chair":2,"supplementaries:statue":4,"minecraft:cooked_beef":16,"cfm:stripped_oak_park_bench":36,"minecraft:orange_terracotta":1,"easy_npc:orc_warrior_spawn_egg":2,"minecraft:iron_leggings":1,"farmersdelight:potato_crate":3,"farmersdelight:roast_chicken_block":4,"supplementaries:blackboard":5,"minecraft:water_bucket":16,"minecraft:chiseled_bookshelf":1,"minecraft:yellow_banner":97,"supplementaries:sack":1,"supplementaries:present_black":1,"farmersdelight:skillet":6,"farmersdelight:tomato_crate":1,"farmersdelight:honey_glazed_ham_block":3,"minecraft:lead":9,"easy_npc:easy_npc_preset":1,"cuffed:pillory":3,"cfm:stripped_oak_kitchen_counter":8,"magistuarmory:knight_boots":1,"drinkbeer:recipe_board_beer_mug_night_howl_kvass":1,"minecraft:cut_sandstone":1,"minecraft:cauldron":9,"minecraft:fletching_table":7,"minecraft:spruce_fence_gate":16,"cfm:stripped_oak_mail_box":3,"minecraft:horse_spawn_egg":10,"supplementaries:urn":10,"cfm:spruce_chair":2,"supplementaries:pulley_block":3,"minecraft:vine":2,"minecraft:oak_slab":23,"minecraft:crafting_table":13,"valhelsia_structures:dungeon_door":3,"drinkbeer:beer_mug":13,"sleep_tight:dreamer_essence":2,"naturalist:rattlesnake_spawn_egg":1,"minecraft:painting":9,"minecraft:cake":5,"minecraft:smoker":1,"valhelsia_structures:cut_oak_post":10,"minecraft:music_disc_strad":8,"magistuarmory:armet":1,"farmersdelight:smoked_ham":1,"minecraft:oak_log":2026,"minecraft:light":374,"supplementaries:cage":1,"minecraft:command_block":19,"minecraft:iron_pickaxe":179,"minecraft:map":45,"minecraft:netherite_axe":499,"magistuarmory:iron_heavywarhammer":13,"minecraft:spruce_trapdoor":21,"supplementaries:rope":4,"minecraft:stone_axe":4,"drinkbeer:beer_barrel":8,"bountiful:bountyboard":2,"cfm:stripped_oak_table":12,"minecraft:cobblestone":68,"minecraft:azalea_leaves":76,"minecraft:repeating_command_block":8,"minecraft:splash_potion":12,"minecraft:smooth_stone":52,"minecraft:jukebox":5},"minecraft:killed_by":{"minecraft:zombie":3,"easy_npc:humanoid":2,"minecraft:skeleton":1},"minecraft:crafted":{"minecraft:cooked_chicken":1,"minecraft:iron_boots":1,"magistuarmory:maximilian_chestplate":1,"magistuarmory:barding":3,"minecraft:crafting_table":2,"minecraft:iron_helmet":1,"minecraft:iron_chestplate":1,"minecraft:shield":2,"minecraft:stick":32,"minecraft:iron_ingot":41,"minecraft:iron_pickaxe":1,"magistuarmory:leather_strip":6,"magistuarmory:maximilian_helmet":1,"minecraft:furnace":1,"magistuarmory:kastenbrust_chestplate":1,"magistuarmory:hilt":3,"magistuarmory:steel_heatershield":1,"minecraft:iron_axe":1,"minecraft:stone_pickaxe":1,"minecraft:cooked_beef":17,"magistuarmory:gothic_chestplate":1,"magistuarmory:platemail_chestplate":1,"magistuarmory:brigandine_chestplate":1,"minecraft:iron_sword":2,"magistuarmory:knight_chestplate":2,"minecraft:stone_axe":1,"minecraft:air":0,"minecraft:jungle_planks":68,"minecraft:iron_leggings":1,"minecraft:torch":144},"minecraft:mined":{"minecraft:jungle_leaves":4,"minecraft:cave_vines_plant":6,"minecraft:red_sand":3,"minecraft:grass_block":3,"minecraft:dead_tube_coral_block":2,"minecraft:jungle_log":1,"minecraft:iron_ore":42,"minecraft:deepslate_lapis_ore":1,"minecraft:cave_vines":6,"minecraft:azalea":1,"minecraft:dead_bubble_coral_block":2,"minecraft:torch":2,"minecraft:dead_bush":1,"minecraft:cobblestone":3,"minecraft:sugar_cane":7,"minecraft:wall_torch":1,"minecraft:jungle_wood":1,"minecraft:grass":25,"minecraft:oak_log":3,"minecraft:sand":6,"minecraft:deepslate":13,"minecraft:deepslate_diamond_ore":1,"minecraft:jungle_planks":1,"minecraft:moss_block":1,"minecraft:furnace":4,"treechop:chopped_log":9,"minecraft:deepslate_iron_ore":31,"minecraft:vine":9,"minecraft:stone":80,"minecraft:crafting_table":2,"minecraft:honey_block":1,"minecraft:lapis_ore":9,"minecraft:deepslate_gold_ore":7,"supplementaries:urn":7,"minecraft:dead_fire_coral_block":2,"minecraft:dead_brain_coral_block":3,"minecraft:coal_ore":81,"minecraft:cobweb":4,"minecraft:small_dripleaf":3,"minecraft:fern":6}},"DataVersion":3465}