{"stats":{"minecraft:dropped":{"minecraft:gravel":21,"minecraft:wheat_seeds":2,"minecraft:cooked_chicken":2,"minecraft:cobbled_deepslate":3,"minecraft:feather":2,"minecraft:cobblestone":1,"minecraft:rotten_flesh":3,"minecraft:dead_fire_coral_block":7,"minecraft:stick":1,"minecraft:flint":1,"minecraft:cobweb":4,"supplementaries:flax_seeds":2,"supplementaries:ash":20,"skilltree:gem":2,"minecraft:oak_boat":1,"minecraft:oak_sapling":6,"minecraft:arrow":4,"minecraft:wooden_pickaxe":1,"minecraft:bone":1,"minecraft:dead_tube_coral_block":2},"minecraft:killed":{"minecraft:husk":2,"minecraft:pig":4,"minecraft:creeper":2,"minecraft:skeleton":6,"naturalist:coral_snake":2,"minecraft:zombie":2,"minecraft:chicken":2,"minecraft:cow":4},"minecraft:custom":{"minecraft:interact_with_furnace":17,"minecraft:mob_kills":12,"minecraft:traded_with_villager":2,"minecraft:interact_with_crafting_table":13,"minecraft:leave_game":4,"minecraft:time_since_death":10710,"minecraft:climb_one_cm":478,"minecraft:time_since_rest":10738,"minecraft:sprint_one_cm":184932,"minecraft:damage_taken":1792,"minecraft:walk_one_cm":151544,"minecraft:drop":26,"minecraft:damage_dealt":2120,"minecraft:swim_one_cm":74106,"minecraft:fly_one_cm":391017,"minecraft:open_chest":6,"minecraft:crouch_one_cm":3278,"minecraft:play_time":84077,"minecraft:deaths":5,"minecraft:sneak_time":1512,"minecraft:walk_under_water_one_cm":10171,"minecraft:boat_one_cm":94995,"minecraft:jump":1906,"minecraft:walk_on_water_one_cm":14025,"minecraft:total_world_time":84077,"minecraft:fall_one_cm":51145},"minecraft:used":{"magistuarmory:copper_stylet":5,"minecraft:stone_pickaxe":416,"minecraft:chest":3,"minecraft:wooden_pickaxe":24,"minecraft:torch":130,"minecraft:dirt":3,"minecraft:crafting_table":7,"minecraft:dead_brain_coral_block":5,"minecraft:wooden_axe":44,"minecraft:oak_log":1,"minecraft:apple":4,"minecraft:iron_pickaxe":144,"minecraft:rooted_dirt":10,"minecraft:oak_button":1,"minecraft:melon_slice":4,"minecraft:stone_button":1,"minecraft:stone_axe":23,"minecraft:cobblestone":59,"supplementaries:ash":3,"minecraft:furnace":4,"minecraft:cooked_porkchop":3,"minecraft:cooked_beef":1,"minecraft:dead_bubble_coral_block":6,"minecraft:oak_boat":1,"minecraft:potato":2,"minecraft:cobbled_deepslate":74,"minecraft:golden_axe":16},"minecraft:killed_by":{"minecraft:player":1,"minecraft:skeleton":2,"minecraft:creeper":1,"minecraft:zombie":1},"minecraft:mined":{"minecraft:tuff":1,"minecraft:dead_bubble_coral_block":7,"minecraft:deepslate_diamond_ore":1,"minecraft:torch":6,"minecraft:crafting_table":6,"minecraft:stone_button":1,"minecraft:grass_block":3,"minecraft:dead_tube_coral_block":2,"minecraft:jungle_planks":1,"minecraft:melon":1,"minecraft:chest":1,"minecraft:dead_bush":6,"minecraft:copper_ore":3,"minecraft:cobblestone":6,"minecraft:deepslate_gold_ore":17,"minecraft:rooted_dirt":10,"minecraft:wall_torch":5,"supplementaries:urn":12,"minecraft:dead_fire_coral_block":7,"minecraft:furnace":1,"minecraft:andesite":6,"treechop:chopped_log":4,"minecraft:deepslate_lapis_ore":6,"minecraft:grass":2,"minecraft:dead_brain_coral_block":5,"minecraft:coal_ore":44,"minecraft:oak_log":2,"minecraft:deepslate_iron_ore":20,"minecraft:sand":1,"minecraft:gravel":17,"minecraft:dirt":1,"minecraft:stone":328,"minecraft:deepslate":91,"minecraft:fern":2},"minecraft:picked_up":{"minecraft:crafting_table":6,"minecraft:cooked_beef":1,"minecraft:feather":2,"magistuarmory:rustedchainmail_boots":1,"minecraft:chicken":2,"minecraft:leather":2,"minecraft:potato":1,"minecraft:enchanted_book":1,"minecraft:flint":1,"minecraft:tuff":1,"minecraft:oak_log":32,"supplementaries:flax_seeds":2,"skilltree:gem":15,"minecraft:lapis_lazuli":42,"minecraft:dirt":3,"minecraft:dead_tube_coral_block":2,"minecraft:raw_copper":10,"minecraft:bone":1,"minecraft:apple":4,"minecraft:wheat_seeds":2,"minecraft:cobbled_deepslate":89,"minecraft:raw_gold":13,"minecraft:beef":3,"minecraft:cobweb":4,"lightmanscurrency:coin_iron":14,"minecraft:melon_slice":4,"minecraft:chest":1,"minecraft:furnace":1,"minecraft:stick":10,"minecraft:raw_iron":20,"magistuarmory:rustedchainmail_chestplate":1,"minecraft:torch":21,"minecraft:gravel":21,"minecraft:porkchop":3,"minecraft:dead_fire_coral_block":7,"minecraft:stone_button":1,"lightmanscurrency:coin_copper":26,"minecraft:arrow":4,"minecraft:rotten_flesh":3,"minecraft:diamond":1,"minecraft:dead_bubble_coral_block":6,"minecraft:dead_brain_coral_block":5,"supplementaries:antique_ink":3,"minecraft:emerald":2,"minecraft:rooted_dirt":10,"supplementaries:ash":23,"minecraft:oak_sapling":20,"minecraft:coal":44,"minecraft:cobblestone":302},"minecraft:crafted":{"minecraft:oak_planks":72,"minecraft:cooked_porkchop":3,"minecraft:crafting_table":2,"minecraft:wooden_pickaxe":1,"minecraft:cooked_chicken":2,"minecraft:furnace":4,"magistuarmory:copper_stylet":1,"minecraft:stone_axe":1,"minecraft:air":0,"magistuarmory:kettlehat":1,"minecraft:stick":52,"minecraft:iron_ingot":3,"minecraft:iron_pickaxe":1,"minecraft:stone_pickaxe":5,"minecraft:wooden_axe":1,"minecraft:chest":2,"minecraft:oak_button":1,"minecraft:torch":172},"minecraft:broken":{"minecraft:stone_pickaxe":3,"magistuarmory:rustedchainmail_chestplate":1,"minecraft:wooden_axe":1}},"DataVersion":3465}