{"stats":{"minecraft:dropped":{"minecraft:enchanted_book":1,"minecraft:wheat_seeds":3,"minecraft:feather":4,"minecraft:cobblestone":70,"minecraft:granite":29,"minecraft:stick":1,"minecraft:flint":1,"minecraft:cobweb":4,"minecraft:dirt":4,"minecraft:wooden_axe":3,"skilltree:gem":3,"minecraft:gold_nugget":1,"magistuarmory:copper_stylet":1,"minecraft:iron_pickaxe":1,"minecraft:string":1,"minecraft:lily_pad":1,"minecraft:bone":6,"minecraft:gravel":21,"minecraft:sugar_cane":6,"minecraft:cooked_chicken":2,"minecraft:cocoa_beans":10,"minecraft:raw_copper":13,"minecraft:cobbled_deepslate":3,"minecraft:tuff":1,"minecraft:rotten_flesh":3,"minecraft:dead_fire_coral_block":7,"supplementaries:antique_ink":3,"supplementaries:flax_seeds":4,"supplementaries:ash":20,"minecraft:oak_sapling":20,"minecraft:oak_boat":3,"minecraft:spider_eye":1,"minecraft:arrow":4,"minecraft:stone_pickaxe":1,"minecraft:wooden_pickaxe":4,"minecraft:dead_tube_coral_block":2},"minecraft:used":{"minecraft:dried_kelp":1,"minecraft:chest":5,"minecraft:shield":13,"minecraft:rotten_flesh":4,"minecraft:torch":163,"minecraft:dirt":3,"minecraft:dead_brain_coral_block":5,"minecraft:wooden_axe":44,"minecraft:rooted_dirt":14,"supplementaries:candy":1,"supplementaries:ash":3,"minecraft:oak_sapling":4,"minecraft:furnace":6,"minecraft:egg":1,"minecraft:cooked_beef":5,"minecraft:potato":2,"minecraft:dead_bubble_coral_block":6,"minecraft:cobbled_deepslate":119,"minecraft:golden_axe":17,"minecraft:stone_pickaxe":416,"magistuarmory:copper_stylet":36,"minecraft:wooden_pickaxe":24,"minecraft:golden_hoe":21,"minecraft:crafting_table":11,"minecraft:oak_log":1,"minecraft:apple":5,"minecraft:bread":2,"minecraft:chicken":1,"minecraft:melon_slice":4,"minecraft:oak_button":1,"minecraft:iron_pickaxe":334,"minecraft:stone_button":1,"minecraft:stone_axe":41,"minecraft:cobblestone":79,"minecraft:cooked_porkchop":3,"minecraft:oak_boat":4},"minecraft:mined":{"minecraft:tuff":1,"minecraft:deepslate_diamond_ore":2,"minecraft:granite":29,"minecraft:stone_button":1,"minecraft:grass_block":3,"minecraft:dead_tube_coral_block":2,"minecraft:jungle_planks":1,"minecraft:rooted_dirt":14,"minecraft:large_fern":1,"minecraft:hay_block":21,"minecraft:furnace":2,"minecraft:iron_ore":16,"minecraft:cobbled_deepslate":2,"minecraft:andesite":6,"treechop:chopped_log":6,"minecraft:deepslate_lapis_ore":6,"minecraft:deepslate_iron_ore":21,"minecraft:stone":350,"minecraft:dead_bubble_coral_block":7,"minecraft:crafting_table":8,"minecraft:torch":6,"minecraft:melon":2,"minecraft:chest":1,"minecraft:dead_bush":6,"minecraft:copper_ore":4,"minecraft:cobblestone":10,"minecraft:deepslate_gold_ore":21,"minecraft:sugar_cane":2,"minecraft:wall_torch":6,"supplementaries:urn":14,"minecraft:dead_fire_coral_block":7,"minecraft:grass":7,"minecraft:dead_brain_coral_block":5,"minecraft:oak_log":2,"minecraft:coal_ore":133,"minecraft:gravel":17,"minecraft:sand":1,"minecraft:dirt":5,"minecraft:deepslate":109,"minecraft:fern":4},"minecraft:picked_up":{"minecraft:wooden_axe":1,"minecraft:cocoa_beans":10,"minecraft:crafting_table":8,"minecraft:chicken":7,"minecraft:wooden_pickaxe":1,"minecraft:enchanted_book":1,"minecraft:string":1,"minecraft:dead_tube_coral_block":2,"minecraft:raw_copper":14,"magistuarmory:copper_stylet":1,"minecraft:pufferfish":1,"minecraft:gold_nugget":1,"minecraft:cobbled_deepslate":122,"minecraft:beef":8,"minecraft:oak_boat":1,"minecraft:sugar_cane":6,"minecraft:melon_slice":4,"minecraft:chest":1,"minecraft:egg":1,"minecraft:furnace":2,"minecraft:raw_iron":37,"minecraft:stick":17,"minecraft:torch":23,"minecraft:porkchop":3,"minecraft:dried_kelp":1,"minecraft:stone_button":1,"minecraft:arrow":7,"minecraft:rotten_flesh":7,"minecraft:hay_block":21,"supplementaries:antique_ink":3,"supplementaries:ash":23,"minecraft:cobblestone":378,"minecraft:feather":6,"minecraft:cooked_beef":1,"magistuarmory:rustedchainmail_boots":2,"supplementaries:candy":1,"minecraft:leather":3,"minecraft:potato":1,"minecraft:flint":1,"minecraft:tuff":1,"minecraft:oak_log":51,"minecraft:lily_pad":1,"supplementaries:flax_seeds":4,"minecraft:lapis_lazuli":42,"skilltree:gem":36,"minecraft:dirt":7,"minecraft:bone":7,"minecraft:apple":6,"minecraft:wheat_seeds":3,"minecraft:raw_gold":17,"minecraft:iron_ingot":1,"minecraft:cobweb":4,"lightmanscurrency:coin_iron":24,"magistuarmory:rustedchainmail_chestplate":1,"minecraft:gravel":21,"minecraft:dead_fire_coral_block":7,"minecraft:spider_eye":2,"lightmanscurrency:coin_copper":69,"minecraft:diamond":2,"minecraft:dead_bubble_coral_block":6,"minecraft:dead_brain_coral_block":5,"minecraft:granite":29,"minecraft:emerald":2,"minecraft:rooted_dirt":14,"minecraft:oak_sapling":24,"minecraft:coal":133},"minecraft:custom":{"minecraft:mob_kills":31,"minecraft:interact_with_crafting_table":26,"minecraft:leave_game":4,"minecraft:time_since_death":33018,"minecraft:climb_one_cm":1550,"minecraft:sprint_one_cm":302088,"minecraft:walk_one_cm":266532,"minecraft:damage_blocked_by_shield":797,"minecraft:drop":58,"minecraft:play_time":143702,"minecraft:deaths":8,"minecraft:sneak_time":3339,"minecraft:walk_under_water_one_cm":12541,"minecraft:boat_one_cm":242010,"minecraft:jump":3442,"minecraft:walk_on_water_one_cm":16934,"minecraft:total_world_time":143702,"minecraft:interact_with_furnace":59,"minecraft:traded_with_villager":2,"minecraft:time_since_rest":33047,"minecraft:damage_taken":2837,"minecraft:damage_dealt":2899,"minecraft:swim_one_cm":106082,"minecraft:fly_one_cm":665372,"minecraft:open_chest":18,"minecraft:crouch_one_cm":8639,"minecraft:fall_one_cm":92023},"minecraft:killed_by":{"minecraft:player":1,"minecraft:creeper":1,"minecraft:skeleton":4,"minecraft:zombie":2},"minecraft:crafted":{"minecraft:oak_planks":156,"minecraft:cooked_chicken":2,"minecraft:furnace":4,"magistuarmory:kettlehat":1,"minecraft:stone_pickaxe":5,"minecraft:chest":4,"minecraft:oak_button":1,"minecraft:wheat":189,"minecraft:cooked_beef":8,"minecraft:cooked_porkchop":3,"minecraft:crafting_table":3,"minecraft:wooden_pickaxe":1,"minecraft:copper_ingot":1,"magistuarmory:copper_stylet":1,"minecraft:stone_axe":1,"minecraft:bread":62,"minecraft:air":0,"minecraft:iron_chestplate":1,"minecraft:gold_nugget":9,"minecraft:shield":1,"minecraft:stick":56,"minecraft:iron_ingot":30,"minecraft:iron_pickaxe":2,"minecraft:wooden_axe":1,"minecraft:iron_leggings":1,"minecraft:gold_ingot":17,"minecraft:torch":172,"skilltree:simple_necklace":1},"minecraft:broken":{"minecraft:stone_pickaxe":3,"magistuarmory:rustedchainmail_chestplate":1,"minecraft:wooden_axe":1},"minecraft:killed":{"minecraft:spider":2,"naturalist:tortoise":2,"minecraft:skeleton":14,"naturalist:coral_snake":2,"minecraft:chicken":12,"minecraft:husk":2,"minecraft:pig":4,"minecraft:creeper":2,"minecraft:zombie":14,"minecraft:cow":8}},"DataVersion":3465}