{"stats":{"minecraft:killed":{"naturalist:snail":4,"minecraft:skeleton":10,"minecraft:creeper":2,"minecraft:zombie":108,"minecraft:cow":6},"minecraft:killed_by":{"minecraft:spider":1,"minecraft:skeleton":3,"minecraft:zombie":2},"minecraft:mined":{"minecraft:dark_oak_planks":2,"minecraft:mossy_cobblestone":4,"minecraft:red_sand":2,"minecraft:grass_block":3,"minecraft:jungle_planks":1,"minecraft:jungle_log":2,"valhelsia_structures:lime_glazed_jar":1,"minecraft:spawner":1,"minecraft:furnace":3,"minecraft:iron_ore":30,"valhelsia_structures:cracked_big_glazed_jar":1,"treechop:chopped_log":6,"minecraft:cobblestone_slab":2,"minecraft:vine":1,"valhelsia_structures:big_magenta_glazed_jar":1,"minecraft:stone":197,"valhelsia_structures:big_gray_glazed_jar":1,"valhelsia_structures:doused_wall_torch":1,"valhelsia_structures:big_glazed_jar":1,"valhelsia_structures:big_purple_glazed_jar":1,"valhelsia_structures:green_glazed_jar":1,"valhelsia_structures:cracked_big_glazed_jar_top":1,"minecraft:crafting_table":5,"valhelsia_structures:big_blue_glazed_jar":1,"minecraft:dead_bush":11,"minecraft:copper_ore":1,"minecraft:cobblestone":12,"farmersdelight:wild_tomatoes":17,"minecraft:sugar_cane":6,"supplementaries:urn":1,"minecraft:stone_stairs":1,"minecraft:sweet_berry_bush":16,"valhelsia_structures:hanging_vines_body":1,"minecraft:grass":6,"minecraft:coal_ore":2,"minecraft:oak_log":2,"valhelsia_structures:cracked_glazed_jar":2,"minecraft:gravel":7,"minecraft:sand":2,"minecraft:cobweb":1,"minecraft:cracked_stone_bricks":2,"minecraft:mossy_stone_bricks":2},"minecraft:crafted":{"minecraft:oak_planks":60,"minecraft:furnace":3,"magistuarmory:rustedchainmail_boots":1,"minecraft:stone_pickaxe":1,"minecraft:cooked_beef":7,"minecraft:crafting_table":4,"minecraft:iron_helmet":1,"minecraft:iron_sword":1,"magistuarmory:corruptedroundshield":1,"minecraft:dark_oak_button":2,"minecraft:stone_axe":1,"minecraft:air":0,"minecraft:jungle_planks":84,"minecraft:gold_nugget":9,"minecraft:iron_ingot":30,"minecraft:iron_pickaxe":1,"minecraft:stone_sword":1,"minecraft:iron_leggings":1,"skilltree:simple_necklace":1},"minecraft:used":{"minecraft:red_sand":2,"minecraft:stone_sword":38,"magistuarmory:rustedcrusader_chestplate":1,"minecraft:iron_sword":140,"minecraft:rotten_flesh":23,"minecraft:dirt":2,"minecraft:jungle_planks":5,"minecraft:carrot":2,"minecraft:stone_stairs":1,"minecraft:wooden_axe":46,"farmersdelight:tomato":2,"minecraft:jungle_log":1,"minecraft:iron_helmet":1,"minecraft:sweet_berries":50,"minecraft:furnace":4,"minecraft:cooked_beef":7,"minecraft:potato":2,"minecraft:mossy_stone_bricks":1,"farmersdelight:skillet":27,"minecraft:stone_pickaxe":132,"minecraft:wooden_pickaxe":6,"minecraft:cobblestone_slab":1,"minecraft:glow_berries":2,"minecraft:mossy_cobblestone":3,"minecraft:sand":1,"minecraft:crafting_table":7,"minecraft:bread":3,"minecraft:iron_pickaxe":140,"valhelsia_structures:doused_torch":1,"minecraft:gravel":2,"minecraft:stone_axe":63,"minecraft:cobblestone":20,"minecraft:oak_boat":2},"minecraft:custom":{"minecraft:mob_kills":66,"minecraft:interact_with_crafting_table":15,"minecraft:leave_game":2,"minecraft:time_since_death":15885,"minecraft:climb_one_cm":5007,"minecraft:sprint_one_cm":313816,"minecraft:walk_one_cm":222863,"minecraft:drop":41,"minecraft:play_time":106398,"minecraft:deaths":7,"minecraft:sneak_time":8299,"minecraft:walk_under_water_one_cm":4997,"minecraft:boat_one_cm":8190,"minecraft:jump":2089,"minecraft:walk_on_water_one_cm":3787,"minecraft:total_world_time":106398,"minecraft:interact_with_furnace":19,"minecraft:time_since_rest":15913,"minecraft:damage_taken":3408,"minecraft:damage_dealt":12185,"minecraft:swim_one_cm":31270,"minecraft:fly_one_cm":495922,"minecraft:open_chest":7,"minecraft:crouch_one_cm":21725,"minecraft:fall_one_cm":55708},"minecraft:picked_up":{"minecraft:cocoa_beans":1,"minecraft:crafting_table":5,"minecraft:enchanted_book":2,"minecraft:string":1,"minecraft:stone_stairs":2,"minecraft:raw_copper":9,"minecraft:cracked_stone_bricks":2,"minecraft:red_sand":2,"minecraft:gold_nugget":7,"minecraft:beef":7,"minecraft:oak_boat":1,"minecraft:cobblestone_slab":2,"valhelsia_structures:doused_torch":1,"minecraft:azalea":3,"minecraft:sugar_cane":15,"minecraft:furnace":2,"minecraft:stick":15,"minecraft:raw_iron":30,"magistuarmory:rusted_heavymace":1,"farmersdelight:tomato_seeds":16,"minecraft:carrot":1,"magistuarmory:rustedcrusader_chestplate":1,"minecraft:dark_oak_planks":2,"minecraft:rotten_flesh":64,"minecraft:arrow":7,"minecraft:gold_ingot":2,"minecraft:cobblestone":209,"magistuarmory:rustedhalfarmor_chestplate":1,"magistuarmory:rustedchainmail_boots":2,"minecraft:jungle_log":22,"minecraft:leather":4,"minecraft:potato":2,"minecraft:oak_log":15,"minecraft:dirt":3,"farmersdelight:tomato":2,"skilltree:gem":10,"minecraft:bone":10,"minecraft:apple":1,"minecraft:wheat_seeds":4,"minecraft:iron_ingot":1,"minecraft:mossy_stone_bricks":2,"lightmanscurrency:coin_iron":43,"minecraft:flowering_azalea":2,"magistuarmory:rustedchainmail_chestplate":2,"minecraft:sweet_berries":56,"minecraft:gravel":14,"minecraft:jungle_planks":2,"minecraft:sand":2,"minecraft:mossy_cobblestone":4,"lightmanscurrency:coin_copper":97,"minecraft:slime_ball":1,"magistuarmory:corruptedroundshield":2,"minecraft:emerald":1,"minecraft:oak_sapling":6,"minecraft:coal":1},"minecraft:broken":{"minecraft:stone_pickaxe":1},"minecraft:dropped":{"farmersdelight:tomato_seeds":16,"minecraft:enchanted_book":1,"minecraft:wheat_seeds":2,"minecraft:mossy_cobblestone":1,"minecraft:cobblestone":93,"minecraft:dark_oak_button":2,"minecraft:cracked_stone_bricks":2,"minecraft:stick":2,"minecraft:wooden_axe":2,"skilltree:gem":2,"minecraft:flowering_azalea":2,"minecraft:gravel":12,"minecraft:stone_sword":1,"minecraft:cocoa_beans":1,"minecraft:raw_copper":6,"minecraft:rotten_flesh":5,"minecraft:stone_stairs":1,"minecraft:cobblestone_slab":1,"minecraft:mossy_stone_bricks":1,"minecraft:oak_boat":2,"minecraft:azalea":3,"minecraft:oak_sapling":6,"magistuarmory:rustedchainmail_chestplate":1,"minecraft:wooden_pickaxe":2}},"DataVersion":3465}